[
    {
        "name": "default",
        "firstFrameIndex": 1,
        "framesCount": 1,
        "xScale": 2,
        "yScale": 2
    },
    {
        "name":"idle",
        "firstFrameIndex": 19,
        "framesCount": 1,
        "xScale": 2,
        "yScale": 2
    },
    {
        "name":"idle up",
        "firstFrameIndex": 13,
        "framesCount": 1,
        "xScale": 2,
        "yScale": 2
    },
    {
        "name":"idle down",
        "firstFrameIndex": 19,
        "framesCount": 1,
        "xScale": 2,
        "yScale": 2
    },
    {
        "name":"idle left",
        "firstFrameIndex": 26,
        "framesCount": 1,
        "xScale": 2,
        "yScale": 2
    },
    {
        "name":"idle right",
        "firstFrameIndex": 12,
        "framesCount": 1,
        "xScale": 2,
        "yScale": 2
    },
    {
        "name":"up",
        "firstFrameIndex": 13,
        "framesCount": 5,
        "tickStep": 3,
        "yoyo": true,
        "xScale": 2,
        "yScale": 2,
        "nextAnimation": "idle up"
    },
    {
        "name":"down",
        "firstFrameIndex": 20,
        "framesCount": 5,
        "tickStep": 3,
        "yoyo": true,
        "xScale": 2,
        "yScale": 2,
        "nextAnimation": "idle down"
    },
    {
        "name":"left",
        "firstFrameIndex": 1,
        "framesCount": 5,
        "tickStep": 3,
        "yoyo": true,
        "xScale": 2,
        "yScale": 2,
        "nextAnimation": "idle left"
    },
    {
        "name":"right",
        "firstFrameIndex": 7,
        "framesCount": 5,
        "tickStep": 3,
        "yoyo": true,
        "xScale": 2,
        "yScale": 2,
        "nextAnimation": "idle right"
    }
]
